Date,LIVEPOLC1,MEXBOL,CETES91
18/11/2014,156.389999,43491.44922,2.899952
19/11/2014,157.300003,44118.12891,2.899718
20/11/2014,157.919998,44209.42188,2.890964
21/11/2014,157.5,44633.28125,2.890741
24/11/2014,159.160004,44621.07031,2.890031
25/11/2014,156.380005,44441.01953,2.869523
26/11/2014,154.589996,44672.19922,2.909851
27/11/2014,154.949997,44689.21094,2.911277
28/11/2014,151.179993,44190.46875,2.900886
01/12/2014,150.139999,43392.07031,2.900185
02/12/2014,148.169998,43008.07031,2.92024
03/12/2014,149.669998,43112.28906,2.899718
04/12/2014,148.330002,42816.14844,2.86054
05/12/2014,151.009995,43230.33984,2.941473
08/12/2014,149.039993,42941.82813,2.950881
09/12/2014,148.800003,42339.62891,2.930385
10/12/2014,144.800003,41372.66016,2.930118
11/12/2014,142.490005,41714.57031,2.951867
15/12/2014,139.710007,40334.58984,2.950881
16/12/2014,139.139999,40225.07813,2.970927
17/12/2014,139.470001,41004.44141,2.960565
18/12/2014,143.479996,42475.67188,2.921433
19/12/2014,146.470001,42529.89063,2.921179
29/12/2014,148.029999,43187.64063,2.93061
30/12/2014,147.630005,43018.75,2.950634
31/12/2014,147.850006,43145.66016,2.941709
02/01/2015,144.009995,42115.46875,2.951374
05/01/2015,140.229996,41099.37109,2.940531
06/01/2015,140.729996,41329.41016,2.919984
07/01/2015,144.369995,41813.92969,2.929894
08/01/2015,146.470001,42402.30859,2.911277
09/01/2015,145.910004,42382.41016,2.890741
12/01/2015,145.460007,41780.78125,2.89708
13/01/2015,143.279999,41478.26172,2.904748
14/01/2015,143.710007,40984.21875,2.911268
15/01/2015,141.139999,40998.76953,2.911357
16/01/2015,142.75,41402.01172,2.920002
19/01/2015,142.830002,41285.57813,2.920496
20/01/2015,142.449997,41752.67188,2.926777
21/01/2015,144.619995,42488.73047,2.919984
22/01/2015,149.490005,43121.28125,2.919828
23/01/2015,151.179993,42649.71875,2.923411
26/01/2015,152.649994,42737.85156,2.905389
27/01/2015,152.990005,42627.82031,2.889426
28/01/2015,157.199997,42158.07031,2.877264
29/01/2015,156.720001,41862.32813,2.848339
30/01/2015,153.570007,40950.57813,2.905594
03/02/2015,157.850006,41572.23828,2.894052
04/02/2015,156.690002,41710.82031,2.894824
05/02/2015,159.550003,42453.64063,2.890041
06/02/2015,155.979996,42715.42969,2.896179
09/02/2015,156.330002,42810.28906,2.916719
10/02/2015,155.809998,42635.19141,2.940021
11/02/2015,154,41933.26172,2.941541
12/02/2015,161.619995,43045.51172,2.941869
13/02/2015,161.139999,43072.42188,2.971187
16/02/2015,159.580002,42959.55859,2.943998
17/02/2015,159.820007,43251.78906,2.978527
18/02/2015,161.690002,43053.64844,2.978905
19/02/2015,168.289993,43231.42188,2.966764
20/02/2015,166.639999,43551.26172,2.964489
23/02/2015,165.410004,43675.87109,2.971196
24/02/2015,167.050003,43921.55078,3.004428
25/02/2015,163.660004,43802.07031,3.001412
26/02/2015,166.449997,44416.48828,2.994193
27/02/2015,168.899994,44190.17188,3.000906
02/03/2015,167.199997,43882.71094,3.009691
03/03/2015,164.889999,43600.37109,3.029186
04/03/2015,165.779999,43296.55078,3.032084
05/03/2015,169.169998,43517.78906,3.020862
06/03/2015,170.429993,43280.80859,3.115844
09/03/2015,167.75,43251.39844,3.122405
10/03/2015,167.279999,42972.14844,3.172651
11/03/2015,167.649994,43227.19922,3.1488
12/03/2015,178.309998,44055.89063,3.138264
13/03/2015,175.059998,44002.28906,3.140383
17/03/2015,170.619995,43761.35938,3.163557
18/03/2015,178.460007,44360.87109,3.139988
19/03/2015,179.479996,44118.17188,3.139992
20/03/2015,177.919998,43968.14844,3.090576
23/03/2015,174.649994,43952.71094,3.089979
24/03/2015,174.910004,44051.21094,3.106366
25/03/2015,173.589996,43630.96094,3.125632
26/03/2015,173.25,43229.16016,3.163546
27/03/2015,175.610001,43637.96875,3.136036
30/03/2015,176.899994,43922.82813,3.130009
31/03/2015,180.009995,43724.78125,3.142735
01/04/2015,178.889999,44202.94141,3.149239
06/04/2015,180.460007,44850.05859,3.124212
07/04/2015,182.860001,44987.87109,3.09001
08/04/2015,180.949997,44980.55859,3.103971
09/04/2015,174.729996,44913.26953,3.061997
10/04/2015,174.610001,44882.01172,3.08558
13/04/2015,179.830002,44994.55859,3.096069
14/04/2015,178.759995,45004.51953,3.070002
15/04/2015,175.929993,45262.94141,3.050344
16/04/2015,178.839996,45480.23047,3.063966
17/04/2015,174.570007,45012.37109,3.063768
20/04/2015,176.479996,45077.80859,3.077968
21/04/2015,175.619995,45296.91016,3.085974
22/04/2015,174.580002,45232.03906,3.06998
23/04/2015,177.619995,45418.82813,3.050547
24/04/2015,176.520004,45773.30859,3.042893
27/04/2015,172.429993,45512.37891,3.049327
28/04/2015,172.850006,45338.35938,3.045834
29/04/2015,168.559998,44942.23047,3.040462
30/04/2015,168.529999,44582.39063,3.049985
04/05/2015,171.020004,45238.46875,3.049033
05/05/2015,169.309998,45091.32813,3.060912
06/05/2015,173.300003,44853.26172,3.063835
07/05/2015,176.089996,44768.80078,3.052436
08/05/2015,176.119995,45125.94922,3.045127
11/05/2015,170.889999,45179.96875,3.053443
12/05/2015,173.570007,44950.48828,3.079985
13/05/2015,171.929993,45038.14063,3.081625
14/05/2015,172.220001,45271.46094,3.083572
15/05/2015,173.389999,45332.80078,3.062306
18/05/2015,174.649994,45408.33984,3.055878
19/05/2015,174.679993,45311.75,3.060021
20/05/2015,173.580002,45283.46875,3.060054
21/05/2015,173.509995,45097.39063,3.049985
22/05/2015,170.5,44874.03906,3.049919
25/05/2015,171.460007,44852.28906,3.053233
26/05/2015,172.839996,44401.39844,3.088183
27/05/2015,173.360001,44682.58984,3.100017
28/05/2015,174.589996,44807.30859,3.079996
29/05/2015,173.169998,44703.62109,3.073516
01/06/2015,175.190002,44760.10156,3.071374
02/06/2015,174.75,44931.48047,3.080324
03/06/2015,176.190002,44732.71875,3.08141
04/06/2015,176.429993,44561.10938,3.099846
05/06/2015,175.399994,44561.94141,3.109994
08/06/2015,177.539993,44544.05078,3.108712
09/06/2015,178.559998,44519.21094,3.11397
10/06/2015,179.039993,44578.28125,3.119142
11/06/2015,178.820007,44624.73828,3.129985
12/06/2015,178.169998,44692.5,3.12531
15/06/2015,179.240005,44395.76172,3.133957
16/06/2015,179.360001,44722.28125,3.135002
17/06/2015,179.559998,44792.03906,3.130016
18/06/2015,179.679993,45120.78906,3.107882
19/06/2015,177.899994,44973.41016,3.090007
22/06/2015,182,45224.98047,3.089979
23/06/2015,182.25,45454.14844,3.104879
24/06/2015,182.509995,45424.94141,3.100017
25/06/2015,183.919998,45377.12109,3.106757
26/06/2015,185.009995,45566.32813,3.113447
29/06/2015,181.929993,44710.35156,3.105982
30/06/2015,181.539993,45053.69922,3.107003
01/07/2015,182.039993,44928.51953,3.100447
02/07/2015,184.350006,45175.57813,3.10298
03/07/2015,183.110001,45065.46875,3.1
06/07/2015,182.550003,44794.01172,3.103041
07/07/2015,184.029999,45017.75,3.112058
08/07/2015,184.070007,44497.73828,3.112137
09/07/2015,184.039993,44564.32031,3.11821
10/07/2015,186.089996,44915.98047,3.119987
13/07/2015,186.440002,44990.39063,3.123455
14/07/2015,187.389999,45136.69141,3.128118
15/07/2015,189.440002,45107.12891,3.126234
16/07/2015,193.320007,45344.89844,3.134165
17/07/2015,193,45325.37891,3.129982
20/07/2015,193.020004,45567.98828,3.135092
21/07/2015,193.009995,45401.23047,3.140271
22/07/2015,189.880005,44670.42188,3.141536
23/07/2015,192.979996,44836.32813,3.147468
24/07/2015,189.119995,44249.48828,3.144771
27/07/2015,190.869995,43713.71875,3.149165
28/07/2015,186.770004,44222.96875,3.143755
29/07/2015,181.589996,44471.28906,3.178247
30/07/2015,184.929993,44373.30859,3.209816
31/07/2015,188.600006,44752.92969,3.219994
03/08/2015,189.520004,44903.94922,3.222614
04/08/2015,191.529999,45177.98047,3.224164
05/08/2015,191.699997,44937.60938,3.235776
06/08/2015,192.360001,44921.21875,3.257465
07/08/2015,192.869995,44862.14063,3.259994
10/08/2015,191.100006,45320.69141,3.292179
11/08/2015,190.270004,44379.78906,3.33416
12/08/2015,190.419998,44032.37891,3.345117
13/08/2015,192.470001,43870.53125,3.359596
14/08/2015,189.789993,43746.71875,3.341157
17/08/2015,187.009995,43953.48047,3.340405
18/08/2015,186.770004,43872.12109,3.370357
19/08/2015,188.979996,43473.73828,3.349548
20/08/2015,193.300003,43036.58984,3.34998
21/08/2015,186.119995,42163.82031,3.364382
24/08/2015,180.110001,41471.46875,3.399999
25/08/2015,188.460007,42010.89063,3.444001
26/08/2015,185.600006,42323.03906,3.449219
27/08/2015,188.25,43452.35938,3.399996
28/08/2015,192.770004,43290.85938,3.400017
31/08/2015,199.880005,43721.96094,3.391166
01/09/2015,197.970001,42911.51172,3.380013
02/09/2015,196.229996,42969.92969,3.374333
03/09/2015,205.75,43283.46875,3.37042
04/09/2015,209.949997,42742.85938,3.362755
07/09/2015,209.990005,42756.26172,3.366604
08/09/2015,212.020004,43083.94141,3.39001
09/09/2015,207.229996,42754.67969,3.375365
10/09/2015,211.029999,42888.51172,3.379996
11/09/2015,210.380005,42780.73047,3.369995
14/09/2015,213.169998,42827.35156,3.364291
15/09/2015,215.020004,43269.62109,3.351428
17/09/2015,216.929993,43790.92969,3.302993
18/09/2015,205.889999,43565.05078,3.285811
21/09/2015,207.020004,43618.14063,3.24863
22/09/2015,211.210007,43232.05859,3.185358
23/09/2015,206.630005,43042.35938,3.171153
24/09/2015,211.089996,42596.55859,3.181353
25/09/2015,212.630005,42435.23047,3.170005
28/09/2015,211.630005,41893.51172,3.151308
29/09/2015,214.009995,42121.51172,3.150001
30/09/2015,219.529999,42632.53906,3.130016
01/10/2015,220.009995,42695.73828,3.125042
02/10/2015,220.289993,42735.14844,3.090007
05/10/2015,224.320007,43566.32031,3.080151
06/10/2015,228.710007,43561.42188,3.075354
07/10/2015,229.050003,43832.03125,3.079304
08/10/2015,236.199997,44076.94141,3.120059
09/10/2015,239.190002,44375.62109,3.126691
12/10/2015,247.630005,44314.25,3.120011
13/10/2015,242.100006,44318.19141,3.118431
14/10/2015,236.919998,44064.42969,3.100017
15/10/2015,236.539993,44087.58984,3.090001
16/10/2015,242.160004,44364.16016,3.101747
19/10/2015,242.169998,44523.01172,3.110014
20/10/2015,240.309998,44653.85938,3.132112
21/10/2015,240.949997,44426.07031,3.120002
22/10/2015,238.470001,44627.96875,3.121144
23/10/2015,240.410004,45010.23828,3.124416
26/10/2015,243.729996,45036.51953,3.130009
27/10/2015,238.460007,44698.01172,3.146262
28/10/2015,238.990005,44741.67969,3.118627
29/10/2015,232.649994,44634.80859,3.153055
30/10/2015,229.389999,44542.76172,3.124903
03/11/2015,228.350006,45354.58984,3.119918
04/11/2015,223.320007,45373.17188,3.167929
05/11/2015,227.669998,45195.64844,3.165756
06/11/2015,227.039993,45243.85156,3.169314
09/11/2015,226.369995,44479.23047,3.160004
10/11/2015,223.210007,44359.89063,3.15425
11/11/2015,227.210007,44347.91016,3.213287
12/11/2015,226.270004,44120.51953,3.189795
13/11/2015,226.350006,43617.73047,3.185325
17/11/2015,224.350006,44184.64844,3.192073
18/11/2015,217.089996,44505.58984,3.167886
19/11/2015,226.169998,44620.60156,3.210017
20/11/2015,229.570007,44895.01953,3.203614
23/11/2015,234.25,44779.14063,3.215638
24/11/2015,233.979996,44576.23047,3.214558
25/11/2015,229.190002,44138.75,3.210707
26/11/2015,231.149994,44374.51953,3.219667
27/11/2015,228.330002,44247.98047,3.227514
30/11/2015,219.190002,43418.55078,3.240014
01/12/2015,222.029999,43984.89844,3.259279
02/12/2015,216.550003,43417.05078,3.259988
03/12/2015,213.169998,43027.30078,3.276568
04/12/2015,217.190002,42994.23047,3.296871
07/12/2015,216.020004,42655.23828,3.290245
08/12/2015,212.889999,42236.73828,3.293633
09/12/2015,215.589996,42398.05859,3.304161
10/12/2015,213.990005,42447.76953,3.286582
11/12/2015,208.210007,42000.62891,3.281949
14/12/2015,210.199997,41901.96094,3.273388
15/12/2015,213.009995,42905.19922,3.278709
16/12/2015,214.289993,43429.71875,3.259988
17/12/2015,212.399994,43503.51953,3.240897
18/12/2015,207.600006,42936.62891,3.251294
21/12/2015,207.289993,43160.60938,3.250017
22/12/2015,212.080002,43328.71875,3.235854
23/12/2015,215.580002,43579.67188,3.250011
24/12/2015,213.179993,43528.26953,3.283453
28/12/2015,211.399994,43396.16016,3.277901
29/12/2015,212.139999,43391.78125,3.302656
30/12/2015,206.779999,43012.37109,3.286917
31/12/2015,210.110001,42977.5,3.250629
04/01/2016,209.830002,42113.69922,3.260021
05/01/2016,210.419998,42041.67969,3.260639
06/01/2016,206.979996,41691.19141,3.267687
07/01/2016,209.600006,40661.57031,3.267237
08/01/2016,208.429993,40265.37109,3.263897
11/01/2016,207.460007,40706.89063,3.263257
12/01/2016,203.440002,41022.73828,3.272629
13/01/2016,202.779999,41008.78125,3.280719
14/01/2016,198.309998,41352.75,3.273189
15/01/2016,195.050003,40847.69922,3.270849
18/01/2016,194.089996,40604.78906,3.272631
19/01/2016,198.130005,40809.25,3.290274
20/01/2016,197.850006,40844.41016,3.310012
21/01/2016,198.369995,41166.87891,3.301706
22/01/2016,197.259995,41621.30859,3.309152
25/01/2016,197.259995,41476.35156,3.299705
26/01/2016,204.199997,41932.39063,3.311153
27/01/2016,209.320007,42109.89063,3.330747
28/01/2016,209.699997,42393.01953,3.328014
29/01/2016,216.360001,43630.76953,3.328712
02/02/2016,212.720001,43092.48828,3.339987
03/02/2016,209.070007,43257.53906,3.348258
04/02/2016,213.990005,43751.92969,3.331071
05/02/2016,212.190002,43229.67188,3.3486
08/02/2016,211.5,42774.85156,3.349993
09/02/2016,209.610001,42399.19141,3.341986
10/02/2016,210.860001,42535.73828,3.319046
11/02/2016,208.25,42359.26172,3.374242
12/02/2016,206.809998,42416.44141,3.360355
15/02/2016,210.720001,43205.91016,3.353609
16/02/2016,208.119995,43100.32031,3.361339
17/02/2016,207.229996,43585.23047,3.808004
18/02/2016,207.860001,43516.66016,3.818402
19/02/2016,207.020004,43375.30859,3.89076
22/02/2016,209.910004,43546.71875,3.897218
23/02/2016,210.619995,43216.57813,3.926284
24/02/2016,205.080002,42744.91016,3.970016
25/02/2016,200.850006,43434.55078,3.96081
26/02/2016,201.729996,43473.37109,4.004819
29/02/2016,200.320007,43714.92969,3.976119
01/03/2016,201.630005,44214.5,3.972777
02/03/2016,205.589996,44615.75,3.97774
03/03/2016,200.369995,44742.21875,3.982523
04/03/2016,196.619995,44849.01953,3.967078
07/03/2016,197.990005,44967.16016,3.957434
08/03/2016,194.240005,44504.28906,3.923981
09/03/2016,199.339996,44492.5,3.91712
10/03/2016,198.449997,44337.03906,3.927882
11/03/2016,196.809998,44617.73828,3.91001
14/03/2016,199.5,44691.80078,3.909993
15/03/2016,193.740005,44210.44141,3.888671
16/03/2016,197.850006,44751.39844,3.850005
17/03/2016,200.899994,45435.08984,3.850344
18/03/2016,201.949997,45482.39063,3.868046
22/03/2016,202.240005,45632.28125,3.857331
23/03/2016,200.25,45647.57031,3.860005
28/03/2016,198.990005,45623.48047,3.851729
29/03/2016,202.529999,45897.64844,3.839979
30/03/2016,200.5,46191.51172,3.829995
31/03/2016,204.259995,45881.07813,3.851111
01/04/2016,200.660004,46062.92188,3.849126
04/04/2016,199.979996,45678.17969,3.832298
05/04/2016,198.179993,45186.01172,3.82314
06/04/2016,197.210007,45281.96875,3.81085
07/04/2016,198.029999,45052.16016,3.828484
08/04/2016,197.970001,44859.48828,3.824297
11/04/2016,195.309998,44760.53125,3.810044
12/04/2016,191.789993,45090.67188,3.811375
13/04/2016,192.179993,45411.30078,3.823354
14/04/2016,192.940002,45403.53906,3.820217
15/04/2016,192.880005,45536.51953,3.822462
18/04/2016,188.169998,45022.62891,3.823615
19/04/2016,188.050003,45780.17969,3.772887
20/04/2016,189.399994,45650.35156,3.786877
21/04/2016,190.240005,45556.64844,3.775377
22/04/2016,190.139999,45613.21094,3.772691
25/04/2016,191.080002,45581.19922,3.759982
26/04/2016,187.380005,45416.89844,3.768412
27/04/2016,193.970001,45941.51953,3.791145
28/04/2016,193.949997,45528.92969,3.838769
29/04/2016,195.570007,45784.76953,3.821688
02/05/2016,193.220001,45707.87109,3.820412
03/05/2016,188.559998,45647.82031,3.819986
04/05/2016,184.839996,45349,3.812661
05/05/2016,186.970001,45147.96875,3.804893
06/05/2016,186.119995,45209.85156,3.8
09/05/2016,185.229996,45250.33984,3.804776
10/05/2016,189.020004,45676.41016,3.825826
11/05/2016,194.679993,45506.87109,3.823354
12/05/2016,193.369995,45685.82031,3.846714
13/05/2016,192.229996,45402.46875,3.847088
16/05/2016,194.830002,45843.14063,3.840517
17/05/2016,198.990005,45872.17969,3.839979
18/05/2016,202.190002,45551.19922,3.927603
19/05/2016,199.339996,45051.26953,3.956008
20/05/2016,198.399994,45155.91016,4.007226
23/05/2016,199.210007,45236.16016,4.101848
24/05/2016,198.460007,45497.46094,4.178535
25/05/2016,202.309998,45710.94141,4.165751
26/05/2016,202.75,46039.69141,4.059991
27/05/2016,203.75,46124.14844,4.097631
30/05/2016,202.139999,46017.21094,4.10151
31/05/2016,198.440002,45459.44922,4.064343
01/06/2016,200.479996,45557.60938,4.054738
02/06/2016,201.350006,45508.30859,4.040005
03/06/2016,202.470001,45928.23047,4.008328
06/06/2016,203.690002,45857.73047,4.009991
07/06/2016,205.289993,46124.62891,3.992273
08/06/2016,204.710007,46263.83984,3.983393
09/06/2016,203.419998,45662.71094,4.019981
10/06/2016,202.419998,45177.5,4.033507
13/06/2016,201.399994,44930.25,4.125188
14/06/2016,197.919998,44570.58984,4.170081
15/06/2016,196.220001,45011.21875,4.181429
16/06/2016,195.839996,45225.39844,4.152353
17/06/2016,197.809998,45306.21875,4.084159
20/06/2016,199.259995,45779.66016,4.081042
21/06/2016,197.679993,45705.42188,4.085811
22/06/2016,198.690002,45806.16016,4.076021
23/06/2016,199.759995,46145.92188,4.049937
24/06/2016,194.850006,44885.82031,4.132334
27/06/2016,190.070007,44282.03125,4.13975
28/06/2016,189.5,44714.53906,4.141176
29/06/2016,192.960007,45466.37109,4.128567
30/06/2016,193.020004,45966.48828,4.296333
01/07/2016,196.080002,46213.26953,4.360911
04/07/2016,197.509995,46201.32813,4.360083
05/07/2016,194.380005,45819.60156,4.402617
06/07/2016,186.199997,45304.75,4.390285
07/07/2016,181.259995,45394.37109,4.39103
08/07/2016,181.360001,45744.28906,4.387033
11/07/2016,182.490005,46177.60938,4.379987
12/07/2016,186.350006,46432.69922,4.371928
13/07/2016,186.130005,46271.96875,4.375023
14/07/2016,185.529999,46498.51172,4.37
15/07/2016,184.789993,46713.42969,4.376241
18/07/2016,185.320007,46961.25,4.374324
19/07/2016,187.369995,47060.57031,4.379579
20/07/2016,187.770004,47505.25,4.377574
21/07/2016,185.009995,47364.80859,4.381809
22/07/2016,187.399994,47537.28125,4.380002
25/07/2016,186.5,47130.41016,4.359999
26/07/2016,184.509995,46927,4.366458
27/07/2016,182.160004,46812.07031,4.415233
28/07/2016,182.279999,46833.87109,4.410241
29/07/2016,181.729996,46660.67188,4.41001
01/08/2016,179.710007,46807.23828,4.413713
02/08/2016,182.410004,46558.35938,4.389837
03/08/2016,183.110001,46844.53125,4.402651
04/08/2016,182.820007,46941.46094,4.45846
05/08/2016,186.559998,47194.14844,4.369986
08/08/2016,188.970001,47368.64844,4.363083
09/08/2016,189.149994,47630.37109,4.334876
10/08/2016,189.679993,47797.69922,4.400013
11/08/2016,196.089996,48341.94922,4.327301
12/08/2016,197.419998,48363.89063,4.349793
15/08/2016,199.089996,48694.89844,4.319184
16/08/2016,198.720001,48351.96094,4.316716
17/08/2016,199.240005,48258.92969,4.322502
18/08/2016,200.940002,48437.10156,4.356292
19/08/2016,201.610001,48297.46094,4.369986
22/08/2016,201.970001,48293.46094,4.390003
23/08/2016,201.669998,47666.01953,4.351543
24/08/2016,201.539993,47743.60938,4.340008
25/08/2016,204.889999,47734.19922,4.372467
26/08/2016,202.850006,47369.57031,4.360584
29/08/2016,204.839996,47599.12109,4.386664
30/08/2016,204,47650.57031,4.40001
31/08/2016,204.779999,47541.32031,4.375239
01/09/2016,202.889999,47563.33984,4.379989
02/09/2016,204.25,47787.98828,4.364631
05/09/2016,204.380005,47842.23047,4.349984
06/09/2016,203.990005,47626.98047,4.351286
07/09/2016,203.529999,47398.69922,4.331104
08/09/2016,203.330002,47416.96875,4.309836
09/09/2016,202.440002,46459.17188,4.303732
12/09/2016,204.330002,46720.96094,4.34521
13/09/2016,202.220001,46154.19922,4.330005
14/09/2016,203.949997,45767.57031,4.374677
15/09/2016,200.830002,45922.91016,4.343514
19/09/2016,199.929993,45871.03906,4.441442
20/09/2016,201.080002,46341.32813,4.481027
21/09/2016,201.949997,46929.19141,4.485987
22/09/2016,203.929993,47975.05078,4.552181
23/09/2016,203.580002,47778.48047,4.634317
26/09/2016,200.190002,47252.53906,4.662812
27/09/2016,209.179993,47731.83984,4.659546
28/09/2016,204.589996,48046.55859,4.706267
29/09/2016,203.860001,47672.07031,4.806776
30/09/2016,203.240005,47245.80078,4.828593
03/10/2016,201.910004,47601.92969,4.833886
04/10/2016,205.419998,47909.26953,4.805322
05/10/2016,206.369995,48141.42188,4.82793
06/10/2016,205.229996,47944.76953,4.846011
07/10/2016,200.440002,47596.60156,4.868954
10/10/2016,204.830002,48264.96094,4.840705
11/10/2016,204.470001,48014.39844,4.842671
12/10/2016,205.809998,47915.12109,4.821345
13/10/2016,204.320007,47741.53906,4.859996
14/10/2016,204.589996,47701.44922,4.858504
17/10/2016,203.440002,47657.32813,4.810001
18/10/2016,205.350006,48106.12109,4.816929
19/10/2016,209.710007,48492.60938,4.82832
20/10/2016,206,48274.25,4.820313
21/10/2016,208.449997,48418.39844,4.826217
24/10/2016,207.630005,48431.25,4.84998
25/10/2016,202.440002,48093.53125,4.870001
26/10/2016,200.020004,47805.44141,4.880012
27/10/2016,199.240005,48114.67188,4.889996
28/10/2016,198.679993,48007.19922,4.88047
31/10/2016,198.119995,48009.28125,4.880266
01/11/2016,192.880005,47303.30859,4.924286
03/11/2016,189.539993,46683.80078,5.031628
04/11/2016,189.339996,46694.80859,5.000296
07/11/2016,196.820007,48050.25,4.972973
08/11/2016,197.529999,48470.98828,4.993374
09/11/2016,186.089996,47390.66016,5.391884
10/11/2016,168.330002,45224.37891,5.45566
11/11/2016,158.570007,44978.25,5.562122
14/11/2016,159.429993,45306.48047,5.550686
15/11/2016,158.070007,45023.64844,5.827797
16/11/2016,156.860001,44901.57031,5.888174
17/11/2016,157.479996,44919.69141,5.638303
18/11/2016,156.509995,44364.17188,5.709468
22/11/2016,155.360001,44838.76172,5.884351
23/11/2016,157.070007,45184.07813,5.924271
24/11/2016,158.720001,45265.89844,5.899864
25/11/2016,158.779999,45357.85156,5.900494
28/11/2016,160.979996,45470.60938,5.931591
29/11/2016,160.850006,45372.19141,5.881338
30/11/2016,162.309998,45315.96094,5.833192
01/12/2016,158.029999,44884.85938,5.893344
02/12/2016,153.679993,44555.26172,5.870017
05/12/2016,151.660004,44937.30078,5.839992
06/12/2016,154.509995,45103.21875,5.838082
07/12/2016,157.550003,45609.89844,5.808861
08/12/2016,155.619995,46360.23047,5.782419
09/12/2016,154.210007,46913.46875,5.714077
13/12/2016,155,46870.23828,5.687509
14/12/2016,153.279999,46220.53906,5.683335
15/12/2016,153.279999,45871.96094,5.762627
16/12/2016,151.759995,45121.39063,5.794214
19/12/2016,151.960007,44895.28906,5.789995
20/12/2016,151.25,44930.26953,5.779992
21/12/2016,149.910004,44983.03125,5.818784
22/12/2016,149.809998,45008.07813,5.835246
23/12/2016,150,45173.53906,5.838803
26/12/2016,149.820007,44989.57813,5.833566
27/12/2016,149.580002,45299.67188,5.948542
28/12/2016,149.369995,45563.17969,5.946132
29/12/2016,150.830002,45909.30859,5.980645
30/12/2016,149.550003,45642.89844,5.954047
02/01/2017,149.550003,45695.10156,6.002021
03/01/2017,146.089996,46123.35938,6.000133
04/01/2017,142.820007,46587.73828,6.035211
05/01/2017,145.039993,46719.98828,6.080016
06/01/2017,144.360001,46071.57031,6.123159
09/01/2017,140.029999,45553.51172,6.166434
10/01/2017,141.229996,45886.26953,6.250684
11/01/2017,138.570007,45933.64844,6.257482
12/01/2017,137.309998,46060.98047,6.247023
13/01/2017,137.139999,46182.42969,6.219982
16/01/2017,136.759995,45740.37891,6.219985
17/01/2017,138.039993,46002.55859,6.228525
18/01/2017,135.149994,46360.62891,6.246949
19/01/2017,134.839996,46265.26172,6.310016
20/01/2017,130.910004,46331.60156,6.2998
23/01/2017,132.539993,47116.23828,6.285084
24/01/2017,136.740005,48149.60938,6.291954
25/01/2017,137.639999,48275.82813,6.292289
26/01/2017,137.119995,47611.44141,6.339989
27/01/2017,137.899994,47421.12109,6.347019
30/01/2017,136.089996,47091.82031,6.35047
31/01/2017,131.580002,47001.05859,6.345569
01/02/2017,136,47009.51172,6.279988
02/02/2017,136.619995,47095.07031,6.277271
03/02/2017,139.970001,47225.10156,6.26002
07/02/2017,138.960007,46728.94922,6.259998
08/02/2017,138.160004,46921.71094,6.249239
09/02/2017,137.369995,47232.17188,6.398111
10/02/2017,138.160004,47797.03906,6.391729
13/02/2017,138.410004,47661.69141,6.388227
14/02/2017,137.75,47391.23828,6.390007
15/02/2017,136.190002,47161.73828,6.398226
16/02/2017,136.139999,47293.85156,6.397907
17/02/2017,136.789993,47164.71094,6.444007
20/02/2017,136.529999,47083.80859,6.400003
21/02/2017,139.679993,47614.98828,6.355621
22/02/2017,139.729996,47195.67969,6.302758
23/02/2017,138.979996,47206.35938,6.28315
24/02/2017,138.399994,47047.67188,6.292166
27/02/2017,140.699997,47349.19922,6.303849
28/02/2017,140.309998,46856.78906,6.413222
01/03/2017,140.160004,47467.94922,6.366675
02/03/2017,138.600006,47288.66016,6.456944
03/03/2017,139.990005,47414.57031,6.448013
06/03/2017,142.619995,47883.58984,6.477163
07/03/2017,141.089996,47419.16016,6.468897
08/03/2017,140.860001,47539.21875,6.488323
09/03/2017,139.259995,47263.92188,6.518819
10/03/2017,140.610001,47102.30859,6.555876
13/03/2017,138.610001,47101.14063,6.56097
14/03/2017,139.039993,47087.96875,6.605944
15/03/2017,141.089996,47470.30859,6.528276
16/03/2017,144.800003,48056.55859,6.558758
17/03/2017,146.550003,48593.44141,6.518235
21/03/2017,149.949997,48589.05078,6.575841
22/03/2017,150.710007,48487.30078,6.586101
23/03/2017,153.589996,48676.91016,6.552749
24/03/2017,155.880005,49083.85156,6.559347
27/03/2017,150.330002,49312.98828,6.600004
28/03/2017,150.789993,49339.23828,6.612855
29/03/2017,147.740005,49036.51953,6.627557
30/03/2017,147.389999,48863.30078,6.597274
31/03/2017,146.139999,48541.55859,6.589474
03/04/2017,147.389999,48819.07031,6.592743
04/04/2017,150.789993,49342.76953,6.603353
05/04/2017,150.360001,49207.60938,6.599555
06/04/2017,147.050003,49012.42188,6.589995
07/04/2017,149.660004,49343.64063,6.608114
10/04/2017,149.600006,49540.26172,6.643658
11/04/2017,149.580002,49637.92969,6.639982
12/04/2017,145.440002,48955.82031,6.651069
17/04/2017,146.550003,49011.55859,6.650706
18/04/2017,147.300003,48762.53125,6.657954
19/04/2017,149.589996,48873.83984,6.639397
20/04/2017,150.410004,49144.96094,6.617475
21/04/2017,150.309998,48967.82813,6.621465
24/04/2017,153.050003,49413.26172,6.64998
25/04/2017,154.75,49808.05078,6.670526
26/04/2017,152.809998,49565.16016,6.657181
27/04/2017,147.899994,49440.96094,6.688154
28/04/2017,145.229996,49261.32813,6.68695
02/05/2017,145.539993,49588.83984,6.700124
03/05/2017,145.020004,49099.98047,6.701361
04/05/2017,141.149994,48998.10938,6.64778
05/05/2017,143.639999,49485.67188,6.694683
08/05/2017,141.279999,49505.85938,6.708686
09/05/2017,143.779999,49939.46875,6.761017
10/05/2017,143.820007,49930.53906,6.769855
11/05/2017,143.5,49530.53125,6.774409
12/05/2017,144.860001,49426.07813,6.760729
15/05/2017,143.820007,49678.96094,6.759714
16/05/2017,143.850006,49459.62109,6.819982
17/05/2017,142.990005,48747.94922,6.769899
18/05/2017,142.490005,48322.23828,6.807194
19/05/2017,141.850006,49067.46875,6.876001
22/05/2017,146.580002,48943.46094,6.917706
23/05/2017,146.139999,49042.51953,6.949988
24/05/2017,149.460007,49494.39844,6.960155
25/05/2017,148.490005,49410.92188,6.949981
26/05/2017,149,49688.26953,7.003679
29/05/2017,146.029999,49450.48047,7.00002
30/05/2017,144.660004,49277.94922,7.04696
31/05/2017,141.699997,48788.44141,7.06559
01/06/2017,141.199997,49101.64063,7.069996
02/06/2017,143.649994,49317.37891,7.009518
05/06/2017,144.910004,49592.48828,6.994714
06/06/2017,143.020004,49218.62109,7.019002
07/06/2017,141.25,49274.96875,7.008293
08/06/2017,142.479996,49087.46094,6.979763
09/06/2017,141.949997,49081.73047,6.999993
12/06/2017,141.490005,49128.76172,7.017865
13/06/2017,141.809998,49026.82813,7.00853
14/06/2017,142.199997,49291.03125,6.981422
15/06/2017,142.800003,49139.69922,6.990005
16/06/2017,145.220001,49221.03125,6.990013
19/06/2017,141.789993,49169.57031,7.003186
20/06/2017,143.080002,49033.05078,7.0393
21/06/2017,143.179993,48983.44922,7.05631
22/06/2017,143.229996,49017.42969,7.047905
23/06/2017,143.800003,48980.78125,7.040001
26/06/2017,144.089996,49165.67188,7.037765
27/06/2017,142.979996,49087.73828,7.059989
28/06/2017,144.479996,49340.10938,7.050006
29/06/2017,144.070007,49198.12109,7.059585
30/06/2017,143.169998,49857.48828,7.071814
03/07/2017,142.639999,50109.16016,7.073548
04/07/2017,141.309998,50041.57813,7.078775
05/07/2017,143.75,50300.80859,7.067123
06/07/2017,141.470001,50015.67188,7.074218
07/07/2017,140.75,50059.01953,7.055286
10/07/2017,142.020004,50616.80859,7.058138
11/07/2017,142.940002,50510.23047,7.058257
12/07/2017,145.529999,50809.76953,7.038669
13/07/2017,148.990005,50968.76172,7.039996
14/07/2017,150.190002,51162.23047,7.065808
17/07/2017,152.320007,51332.28906,7.059979
18/07/2017,152.889999,51099.71094,7.062716
19/07/2017,152.729996,51086.92969,7.066159
20/07/2017,151.440002,51144.14063,7.04311
21/07/2017,151.779999,51564.62109,7.055907
24/07/2017,150.539993,51665.64844,7.057924
25/07/2017,153.080002,51713.37891,7.06185
26/07/2017,155.039993,51600.26172,7.056091
27/07/2017,161.979996,51257.35938,7.069955
28/07/2017,159.800003,51213.60156,7.069992
31/07/2017,160.089996,51011.87109,7.084935
01/08/2017,160.710007,51195.01172,7.109988
02/08/2017,159.979996,51200.12891,7.102367
03/08/2017,159.229996,51293.07031,7.108895
04/08/2017,167.619995,51328.28906,7.110013
07/08/2017,166.190002,51389.26953,7.11133
08/08/2017,167.389999,51328.76172,7.126231
09/08/2017,168.589996,51237.5,7.148996
10/08/2017,164.740005,50906.83984,7.134233
11/08/2017,163.089996,50645.10156,7.11366
14/08/2017,164.070007,51167.46875,7.099233
15/08/2017,164.669998,51339.28906,7.094446
16/08/2017,164.860001,51156.67188,7.090764
17/08/2017,162.470001,50994.17969,7.09914
18/08/2017,163.789993,51075.46094,7.099489
21/08/2017,165.979996,51241.10938,7.09645
22/08/2017,167.559998,51332.98047,7.097606
23/08/2017,165.360001,51280.17188,7.090939
24/08/2017,167.169998,51470.05859,7.096475
25/08/2017,165.630005,51373.23047,7.095553
28/08/2017,160.710007,51266.71875,7.10604
29/08/2017,159.960007,51313.66016,7.109988
30/08/2017,156.929993,51193.51953,7.109329
31/08/2017,160.179993,51210.48047,7.100001
01/09/2017,162.210007,51080.85156,7.10152
04/09/2017,161.649994,50825.76953,7.09919
05/09/2017,157.449997,50301.39063,7.089987
06/09/2017,157.009995,50515.60156,7.173398
07/09/2017,157.380005,50249.12109,7.08053
08/09/2017,154.229996,50083.80078,7.085486
11/09/2017,152.759995,50359.32031,7.085191
12/09/2017,152.690002,50480.96094,7.109685
13/09/2017,152.699997,50164.87891,7.08748
14/09/2017,154.679993,50107.85938,7.068356
15/09/2017,157.399994,49921.83984,7.073347
18/09/2017,154.330002,50258.42188,7.069995
19/09/2017,153.479996,50265.46094,7.059989
20/09/2017,153.139999,50363.94922,7.05539
21/09/2017,151.649994,50545.75,7.061881
22/09/2017,150.029999,50313.51172,7.079147
25/09/2017,148.130005,50368.17188,7.070038
26/09/2017,147.979996,50359.46875,7.063668
27/09/2017,146.630005,50169.12891,7.05666
28/09/2017,147.320007,50137,7.050774
29/09/2017,147,50346.05859,7.046131
02/10/2017,147.029999,50501.16016,7.053687
03/10/2017,147.899994,50615.28906,7.045359
04/10/2017,148.220001,50565.28906,7.025756
05/10/2017,147.429993,50480.92188,7.058438
06/10/2017,145.589996,50302.96094,7.07546
09/10/2017,144.410004,50071.94141,7.059636
10/10/2017,143.639999,49982.94141,7.052327
11/10/2017,143.699997,50139.67969,7.053158
12/10/2017,142.490005,49962.78906,7.071922
13/10/2017,140.130005,49981.94141,7.110842
16/10/2017,139.679993,49721.01172,7.119998
17/10/2017,144.240005,50140.51953,7.120206
18/10/2017,141.360001,49938.98047,7.097988
19/10/2017,140.199997,50000.25,7.082579
20/10/2017,136.220001,49988.71094,7.090002
23/10/2017,135.880005,49548.12891,7.094053
24/10/2017,136.410004,50157.21875,7.107087
25/10/2017,131.990005,48876.46094,7.09002
26/10/2017,132.539993,48986.83984,7.089999
27/10/2017,132.429993,49209.57813,7.096133
30/10/2017,132.210007,48855.26953,7.119998
31/10/2017,130.600006,48625.53125,7.115356
01/11/2017,128.669998,48334.44922,7.109658
03/11/2017,126.839996,48534.83984,7.10674
06/11/2017,131.380005,48967.01172,7.108481
07/11/2017,129.809998,49004.51953,7.119989
08/11/2017,130.710007,48835.69141,7.100002
09/11/2017,132.899994,48713.51172,7.12386
10/11/2017,129.679993,48028.30078,7.122196
13/11/2017,130.940002,48002.42969,7.120982
14/11/2017,128.690002,47873.64844,7.129861
15/11/2017,128.169998,47690.80078,7.142916
16/11/2017,127.110001,47747.69141,7.144032
17/11/2017,127.089996,47857.14063,7.138937
